,日期,标题,阅读量,链接
0,06.04(周五),速收藏! 60秒看完报读攻略,-1,http://mp.weixin.qq.com/s?__biz=MzIxMTExODU1NA==&mid=2649903745&idx=1&sn=f3b2e0a42b831ab72678b83c8b53e318&chksm=8f5cc234b82b4b22243e93235baf407f5533d5bc4b1f1c53ef23bb531c22abce7232f2f9f00d#rd
1,06.03(周四),理大「旅游休闲管理」 连续五年荣登软科学科排名榜首！,-1,http://mp.weixin.qq.com/s?__biz=MzIxMTExODU1NA==&mid=2649903495&idx=1&sn=7c6252fb0b1e31b30cfe4259360e1b58&chksm=8f5cc132b82b482476c29dcb6ef172b4e2a81d21f6263355482f8473a1837973e476fcab7d91#rd
2,06.03(周四),酒店及旅游业管理学院本科课程 国际化 很棒的实习,-1,http://mp.weixin.qq.com/s?__biz=MzIxMTExODU1NA==&mid=2649903495&idx=2&sn=4ae97cccdeddf67fd9e55c6d149b9296&chksm=8f5cc132b82b4824d0ee8c97040bb1515b5d84bfff31055e2ffef08830e3ca0d05897f971fdd#rd
3,06.02(周三),以ASMR的方式解锁理大校园的一天...,-1,http://mp.weixin.qq.com/s?__biz=MzIxMTExODU1NA==&mid=2649903463&idx=1&sn=755e06dec456447d9564323ef5ef0cad&chksm=8f5cc1d2b82b48c479618e35a4420418276e7b748a8901e76d431dc72070f7ad04043c797eb1#rd
4,06.01(周二),理大这4个学科，全球前10！,-1,http://mp.weixin.qq.com/s?__biz=MzIxMTExODU1NA==&mid=2649903458&idx=1&sn=9db5a566d59773ae05c9dde522c6b423&chksm=8f5cc1d7b82b48c1eb2aa5cb076ca1bdd82632f305d629867ef748134b8ed9c47f411c60b68e#rd
5,06.01(周二),理大又双叒摘星啦！,-1,http://mp.weixin.qq.com/s?__biz=MzIxMTExODU1NA==&mid=2649903458&idx=2&sn=355918705c3cf8af16cc302e028d0244&chksm=8f5cc1d7b82b48c1f000e55059f7c3c64b9e728873a1ed78c440724e3eda8966cdaaeba05d9a#rd
6,05.31(周一),压轴! 6月12日 最后一场理大本科招生说明会,-1,http://mp.weixin.qq.com/s?__biz=MzIxMTExODU1NA==&mid=2649903349&idx=1&sn=6ba85ab120d982184c5281a47c7a4004&chksm=8f5cc040b82b495693e2e92b5a3e0a4361f5ced633d84fa5a7e2c1869b716afb7772e77cc81c#rd
7,05.28(周五),直播通道来了! 明早10时! 学姐校友分享实习和交流经验,-1,http://mp.weixin.qq.com/s?__biz=MzIxMTExODU1NA==&mid=2649903319&idx=1&sn=0aca37aaf7c56dddaf3953890531daae&chksm=8f5cc062b82b4974a7dbaecfbc21fb132fee4eba1d03d704d2ad2964816c6353d9d486b4fba0#rd
8,05.27(周四),足本重温!「理大云讲堂」星级教授 八个精彩课堂 招生计划重点,-1,http://mp.weixin.qq.com/s?__biz=MzIxMTExODU1NA==&mid=2649903191&idx=1&sn=8f70c6eec4a0c2a0b42843f986b896ee&chksm=8f5cc0e2b82b49f4454167633322cb9f49ee60514f9ac98362ffac32424c2d82343b5d905eae#rd
9,05.26(周三),"高考倒计时12天, 来接福！祝你高考成功!",-1,http://mp.weixin.qq.com/s?__biz=MzIxMTExODU1NA==&mid=2649903155&idx=1&sn=5685072327c6c0c92961c4d5bd246324&chksm=8f5cc086b82b4990407e53b27dba3d8f7cc2b01f4ac922c2a12afbceaac204690dc272be3160#rd
10,05.25(周二),学长分享! 如何应对大学考试？带大家游走理大图书馆的温习空间,-1,http://mp.weixin.qq.com/s?__biz=MzIxMTExODU1NA==&mid=2649903146&idx=1&sn=10080302aa0279a940674a3de0471a36&chksm=8f5cc09fb82b4989ecf8376b9c203652990cc7a113a8e15993f84119f89f6adb47f3fdf90f02#rd
11,05.24(周一),5月29日约定你! 跟乘风破浪的学姐校友见面,-1,http://mp.weixin.qq.com/s?__biz=MzIxMTExODU1NA==&mid=2649903141&idx=1&sn=d83f01adeaa91ddfdd7ef6b1c11f5e7c&chksm=8f5cc090b82b498620bbd24c6860ecff3ee6f51ad7cd2108f33c664d22c8c82a5e11c9208405#rd
12,05.24(周一),理大跨学科专家贡献国家首个火星探测任务,-1,http://mp.weixin.qq.com/s?__biz=MzIxMTExODU1NA==&mid=2649903141&idx=2&sn=0e9166086ca8199030eaae40c2b9f536&chksm=8f5cc090b82b4986ebb4b44a81775ade528a75025f37f0b52b56aa4cf237c01279397258c248#rd
13,05.21(周五),直播链接! 最后一场理大云讲堂 酒店及旅游业管理学院副院长授课,-1,http://mp.weixin.qq.com/s?__biz=MzIxMTExODU1NA==&mid=2649902604&idx=1&sn=6eb950a5046cc3a021b3cf0fb56ec588&chksm=8f5cdeb9b82b57afbf3df41e2704edc0b415648a497c29daac36e9ed206609d6e445aeac26c1#rd
14,05.20(周四),5.20的告白｜为你呈献198秒动画 看理大！,-1,http://mp.weixin.qq.com/s?__biz=MzIxMTExODU1NA==&mid=2649902562&idx=1&sn=02783524e543e898b89955d8f8c2bda6&chksm=8f5cdd57b82b54417506a73eb97ede236023f2b5af729ef9803de2a5efb4cb5fa6672f07ced9#rd
15,05.17(周一),理大百人入选全球前2%顶尖科学家榜单！,-1,http://mp.weixin.qq.com/s?__biz=MzIxMTExODU1NA==&mid=2649902331&idx=1&sn=2f5e6efef5faf3fd3970a70c678d21df&chksm=8f5cdc4eb82b5558a97a2ddd2ddb6e8ecef9fe220eb880dd8451feb6c02d4cdbc24fbf648d57#rd
16,05.17(周一),理大祝贺“天问一号”探测器成功着陆火星,-1,http://mp.weixin.qq.com/s?__biz=MzIxMTExODU1NA==&mid=2649902331&idx=2&sn=deffa35426669e309f902b73b75cdc2a&chksm=8f5cdc4eb82b5558b0db97c744d0186b99a624e147fa6d90dc4b0e1f76007fb23bb57407a451#rd
17,05.14(周五),"快来报名! 理大云讲堂最后一课, 你怎可以错过?",-1,http://mp.weixin.qq.com/s?__biz=MzIxMTExODU1NA==&mid=2649902329&idx=1&sn=285c3ed0f8cc2c27cec4529dc3c86a31&chksm=8f5cdc4cb82b555ab5ee86f2cc6c658924cea1dee4aa21e524a16a456babea1a4c7b0e3ec020#rd
18,05.14(周五),直播链接! 理大云讲堂干货满满  探讨未来设计及创新领导力,-1,http://mp.weixin.qq.com/s?__biz=MzIxMTExODU1NA==&mid=2649901411&idx=1&sn=93e99e3c68bef8018c987c12cff2485e&chksm=8f5cd9d6b82b50c07c6775be12862491554d05eb14600369686b0813f8182032dd99cf2254aa#rd
19,05.14(周五),神经科学中心实验室! 理理与你重游母校 | 第九期,-1,http://mp.weixin.qq.com/s?__biz=MzIxMTExODU1NA==&mid=2649901411&idx=2&sn=e99354b683a1d2befc60915e247a76e7&chksm=8f5cd9d6b82b50c020291812db4addcbe10c7f1355225ebbc5e8d9bd52883c483f4c251d9b74#rd
20,05.13(周四),申请Q&A-申请要知道的15件事 来参加个人咨询!,-1,http://mp.weixin.qq.com/s?__biz=MzIxMTExODU1NA==&mid=2649901381&idx=1&sn=d9627359b02ba66e3259112b261aa746&chksm=8f5cd9f0b82b50e647cc4febec375c24d3f347aba38dc81bc87d230a53d2382756d9b6872aec#rd
21,05.12(周三),有新意! 来看理大设计学院校友的创作!,-1,http://mp.weixin.qq.com/s?__biz=MzIxMTExODU1NA==&mid=2649901380&idx=1&sn=18b34f52abc040adee947b4b88daa38a&chksm=8f5cd9f1b82b50e7ab53d14e78fe7f3ba74273740cdb7507faaa0692af312baef6add371c0cb#rd
22,05.12(周三),汶川13年：铭记，守望，勇毅前行,-1,http://mp.weixin.qq.com/s?__biz=MzIxMTExODU1NA==&mid=2649901380&idx=2&sn=5a8d021b9a4659fe73f8e10c0ccc2137&chksm=8f5cd9f1b82b50e73266817521270bb50a73c9d52877cc5fa7c7ec5069c85dc8527f00a8d76d#rd
23,05.10(周一),立刻报名! 理大“艺术与设计”专业 位列世界第20位!,-1,http://mp.weixin.qq.com/s?__biz=MzIxMTExODU1NA==&mid=2649901317&idx=1&sn=7f13aa794be0f8d48a701120c220b901&chksm=8f5cd9b0b82b50a6f03b193f962f336f71aa413b2abb778d7d3eb5ef5dc199a3308422527e92#rd
24,05.07(周五),直播链接来咯! 医疗及社会科学院 名师授课 招生最新资讯,-1,http://mp.weixin.qq.com/s?__biz=MzIxMTExODU1NA==&mid=2649901316&idx=1&sn=2735fd81c810692f4be96a7822df0208&chksm=8f5cd9b1b82b50a73962a5b35297dc37143324a0978f6429ebaf0de432e0c181edd6cef6124d#rd
25,05.06(周四),理大独有课程! 来看优秀校友的得奖运动服系列!,-1,http://mp.weixin.qq.com/s?__biz=MzIxMTExODU1NA==&mid=2649901231&idx=1&sn=7ad114efbc078aac8d5dd25097c4d053&chksm=8f5cd81ab82b510c7551a8e74ca6b92af9435f98148e546af13d8cf29cda95d02a8a5a6b7813#rd
26,05.04(周二),致青春 l 为理想奋斗  充满阳光的理大学长!,-1,http://mp.weixin.qq.com/s?__biz=MzIxMTExODU1NA==&mid=2649901223&idx=1&sn=b02ec5e1636736db09ca793b60a69d66&chksm=8f5cd812b82b51043f73aee77c4889cdcb9dd7c22c4309628067bbaae1aa4a6437197709b395#rd
27,05.02(周日),立即报名！「理大云讲堂」继续精彩! 讨论语言是否决定思维方式,-1,http://mp.weixin.qq.com/s?__biz=MzIxMTExODU1NA==&mid=2649901161&idx=1&sn=5b3c6496962291bba15de538a461c3c4&chksm=8f5cd8dcb82b51ca0e15de7110d6be4ae9be9eb907ef4a1c8a3fb1b7e7dfe5b29eca24dad7b3#rd
28,04.30(周五),直播链接来咯! 明早理大云讲堂  人与言 还有招生最新资讯!,-1,http://mp.weixin.qq.com/s?__biz=MzIxMTExODU1NA==&mid=2649901157&idx=1&sn=bfd0324fa4ad9c0a3f816a1b4f9fba6f&chksm=8f5cd8d0b82b51c6d5a9b848dc6d18832837acc3f85d0a762848a25f9430303f8bc81c8aadfe#rd
29,04.30(周五),教育部2020年度高校科研优秀成果奖揭晓，理大3项成果上榜！,-1,http://mp.weixin.qq.com/s?__biz=MzIxMTExODU1NA==&mid=2649901157&idx=2&sn=41570cedaa18faff6cfb2a384975a549&chksm=8f5cd8d0b82b51c64be6cb9b5993097a4d821b4a80f1be6fca44e0128dd0992dbaf4674b7039#rd
30,04.29(周四),理大「新鲜人」: 我的英文系学习日记!,-1,http://mp.weixin.qq.com/s?__biz=MzIxMTExODU1NA==&mid=2649901059&idx=1&sn=ce83a8e0c9b12e0fef72e41f7424ffc0&chksm=8f5cd8b6b82b51a00ad5af5fa9dce3a2a47e8161bae6bf700a1c47390b57300fd60e717440e1#rd
31,04.27(周二),上线了! 理大本科课程内地招生370人 教务长为你详细介绍!,-1,http://mp.weixin.qq.com/s?__biz=MzIxMTExODU1NA==&mid=2649900960&idx=1&sn=32a1dbb679ddcb085622a9e1cd8273ed&chksm=8f5cd715b82b5e030807a5ba3883ea1b883f3ab0087d2bb805bdfd7e607ed70d31163d92ff1a#rd
32,04.27(周二),上线了! 理大本科课程内地招生370人 教务长为你详细介绍!,-1,http://mp.weixin.qq.com/s?__biz=MzIxMTExODU1NA==&mid=2649900959&idx=1&sn=5e17673211c0b934be0b790f3caa9ff2&chksm=8f5cd72ab82b5e3c112b76bc3d41419e4686880fa3e0e59b2423d4099e97936c869e066b021f#rd
33,04.23(周五),重磅! 理大云讲堂(5) 多学科视角看语言 你还未报名?,-1,http://mp.weixin.qq.com/s?__biz=MzIxMTExODU1NA==&mid=2649900909&idx=1&sn=bb4e89a845477ac3329089500eb10038&chksm=8f5cd7d8b82b5ecedf37a9efc473f449c77dfb88e1771eed7dbb0bf9f92c6f1d3cf9d8fa30c3#rd
34,04.23(周五),直播通道来了! 明天理大云讲堂(4)工程管理在航空业的应用,-1,http://mp.weixin.qq.com/s?__biz=MzIxMTExODU1NA==&mid=2649900871&idx=1&sn=7b55dea9f488902c3e52fc10662a6b70&chksm=8f5cd7f2b82b5ee4945f5421c2545f8a495e8648e40ed3458de206efa3cf91543e3c99611907#rd
35,04.22(周四),这课程很火!  独一无二的专业…,-1,http://mp.weixin.qq.com/s?__biz=MzIxMTExODU1NA==&mid=2649900851&idx=1&sn=05477ca05ff8bf28bd37fd64625dc52a&chksm=8f5cd786b82b5e90016fd76c8573734a2529f4f90206760672c03ad7d52aa8e07de8316abcab#rd
36,04.20(周二),学霸! 理大建设及环境学院卓越学生 难忘国际化的交流及服务,-1,http://mp.weixin.qq.com/s?__biz=MzIxMTExODU1NA==&mid=2649900849&idx=1&sn=921e744452d52e952360b84540d0502b&chksm=8f5cd784b82b5e929122b511abbcddfaa9d43fe9a64f33780bc3f18e5e72fc166201322d8209#rd
37,04.19(周一),交朋友真的一点儿都不难,-1,http://mp.weixin.qq.com/s?__biz=MzIxMTExODU1NA==&mid=2649900821&idx=1&sn=3014f620ef7210b1c0ccd7d422c11a12&chksm=8f5cd7a0b82b5eb635a3a6d489e933f789f8a6f612a45edb49403d04b0f42655193d18918d87#rd
38,04.17(周六),工程学院副院长授课! 理大云讲堂约定你! 还有招生重点,-1,http://mp.weixin.qq.com/s?__biz=MzIxMTExODU1NA==&mid=2649900819&idx=1&sn=5e05305ab4f6e62f168edc3c2107c3c4&chksm=8f5cd7a6b82b5eb014c81926fc334ee9884cab09aa4f203b9a6929db1dde3bf7fb7399a6dca8#rd
39,04.16(周五),"高考倒计时50天 ! 高考, 我们也拼过! 来看我们的加油信!",-1,http://mp.weixin.qq.com/s?__biz=MzIxMTExODU1NA==&mid=2649900818&idx=1&sn=ae48ae9d1dc1a02490c0293eb0e9514c&chksm=8f5cd7a7b82b5eb129178fdafb809e0cc3dcc84f838b44fe0cb397f7e31e0c9218b995916091#rd
40,04.15(周四),建环学院! 来了解打造智慧、可持续和韧性城市 还有招生重点,-1,http://mp.weixin.qq.com/s?__biz=MzIxMTExODU1NA==&mid=2649900672&idx=1&sn=6dc7be2397638fb6677f65cd3c16b2d5&chksm=8f5cd635b82b5f230d23499307a7341c35572b45089fdea9500347b5cfe2f49b6447f8ce763f#rd
41,04.14(周三),想了解奖学金? 这一篇必看!,-1,http://mp.weixin.qq.com/s?__biz=MzIxMTExODU1NA==&mid=2649900623&idx=1&sn=96f7ed0eea4a9ad44305d816bab33232&chksm=8f5cd6fab82b5fecf43316d8785c8a956ebbdceb7072abaeafd0f0d9940108c131de19c2432d#rd
42,04.12(周一),强强联合!金融科技及人工智能 超期待的学长分享!,-1,http://mp.weixin.qq.com/s?__biz=MzIxMTExODU1NA==&mid=2649900567&idx=1&sn=29a212a3a22c5337a2dcf8435eb97639&chksm=8f5cd6a2b82b5fb4a7af9c5b7d0ff864d29352669ca51b8d60c4aa6db0ec297f59e314266caf#rd
43,04.10(周六),4月17日! 理大云讲堂第三课 建环学院 名师授课 招生计划,-1,http://mp.weixin.qq.com/s?__biz=MzIxMTExODU1NA==&mid=2649900566&idx=1&sn=eb53c9e138fcfbef2a75d93a2ef4e1db&chksm=8f5cd6a3b82b5fb5d003331c7b1846dc6c5ed6e8b353337761b9a51730234768d0a3284453d5#rd
44,04.10(周六),4月17日! 理大云讲堂第三课 建环学院 名师授课 招生计划,-1,http://mp.weixin.qq.com/s?__biz=MzIxMTExODU1NA==&mid=2649900565&idx=1&sn=71ad668ee75505abd2c30c7c67ad8a3f&chksm=8f5cd6a0b82b5fb62b475aa96b92bb376de95989617f3b8440bb796fec26b83a10dca094c4fd#rd
45,04.08(周四),4月10日理大云讲堂! 商学院名师授课 招生重点 附直播链接,-1,http://mp.weixin.qq.com/s?__biz=MzIxMTExODU1NA==&mid=2649900564&idx=1&sn=92cfed282745af9b81a1d7b8b8a912ea&chksm=8f5cd6a1b82b5fb7d9afdd311435de5875041d4f050d7d1e5966030b993689aa9bf68cbe3da0#rd
46,04.08(周四),优秀！2020年度理大“卓越学生奖”名单揭晓！,-1,http://mp.weixin.qq.com/s?__biz=MzIxMTExODU1NA==&mid=2649900563&idx=1&sn=05fc1246ccdb0367ef844fef9c12e51b&chksm=8f5cd6a6b82b5fb07b4ce7450161bccdc340c0d43a4c52170e0fca005bfef4b5e87688ff16d9#rd
47,04.08(周四),刘嘉伟：奋勇创新的酒店业创业者,-1,http://mp.weixin.qq.com/s?__biz=MzIxMTExODU1NA==&mid=2649900563&idx=2&sn=9df408569dea7ca2a8f199a562bd589d&chksm=8f5cd6a6b82b5fb03c7abc73b438473a75698ba57c14e9dc3dc7ab070f8c02614d717eef5598#rd
48,04.07(周三),理大宿舍-这可能是你最不想错过的大学宿舍,-1,http://mp.weixin.qq.com/s?__biz=MzIxMTExODU1NA==&mid=2649900533&idx=1&sn=5fe7c7547b0d4c3a8147de4762fe10eb&chksm=8f5cd540b82b5c567cb6e1310c384cbc8154c9e58cc5b93e1ecad24721c0b1523867ee190eb4#rd
49,04.03(周六),4月10日商学院约定你! 名师授课 及招生计划重点,-1,http://mp.weixin.qq.com/s?__biz=MzIxMTExODU1NA==&mid=2649900475&idx=1&sn=ac260415bf874528defad98d4ff9e2c5&chksm=8f5cd50eb82b5c18b634784ce7d6f95f79bf0b17320c18e907e53c5e7effb71e982707430048#rd
50,04.03(周六),4月10日 商学院约定你! 名师授课 及招生计划重点,-1,http://mp.weixin.qq.com/s?__biz=MzIxMTExODU1NA==&mid=2649900474&idx=1&sn=5e453523f7b421866730c46a0a80edc6&chksm=8f5cd50fb82b5c19ddfdd1b3194f4528b8fbd1bd472bc3e1baef6fdc0bb49f5ef45fed12ed0b#rd
51,04.01(周四),就在明天!  理大云讲堂开课 直播链接来了,-1,http://mp.weixin.qq.com/s?__biz=MzIxMTExODU1NA==&mid=2649900463&idx=1&sn=730f3806232eeb9ecfb0b1f76a4921d3&chksm=8f5cd51ab82b5c0c311c4a99d28b02e1e2971f2294514b525bee02c29d6b6bce9a6a3517a23f#rd
52,03.31(周三),学霸! 揭晓了 理大应用科学及纺织学院 卓越学生,-1,http://mp.weixin.qq.com/s?__biz=MzIxMTExODU1NA==&mid=2649900441&idx=1&sn=7070580619e2a09c7d133121ff7cc6ae&chksm=8f5cd52cb82b5c3a48fd2c919fad6f21c738c57dec1c7fdb99bccedd8b12695318ae1c3342b8#rd
53,03.29(周一),周六直播!  理大云讲堂首课  分析世纪疫症 速报名!,-1,http://mp.weixin.qq.com/s?__biz=MzIxMTExODU1NA==&mid=2649900366&idx=1&sn=331e32925868bb8c0108a41e0efe32a4&chksm=8f5cd5fbb82b5ceda15c8a448e68c27620cdb220223482a0c1b6e4386a26d3968c8be06cf5ad#rd
54,03.26(周五),喜报！理大在日内瓦国际发明展斩获六个奖项！,-1,http://mp.weixin.qq.com/s?__biz=MzIxMTExODU1NA==&mid=2649900338&idx=1&sn=ed0efe1e758689916a61e49740430113&chksm=8f5cd587b82b5c91ebecee998563977195a0152f9ad361cf5b7f5425a8a3e787bb3ea61399e8#rd
55,03.25(周四),就在今天!  酒店及旅游业管理学院 招生说明会,-1,http://mp.weixin.qq.com/s?__biz=MzIxMTExODU1NA==&mid=2649900291&idx=1&sn=4eba022533ee5935a315bf4bcf1ff1d5&chksm=8f5cd5b6b82b5ca06b22bb0c867b9fc36f4b1d452aba1200529b7f39b996e2db815e994f811c#rd
56,03.24(周三),酒店和旅游业卷土重来的机遇 您准备好迎接吗？,-1,http://mp.weixin.qq.com/s?__biz=MzIxMTExODU1NA==&mid=2649900265&idx=1&sn=7d275dac32439cb220f180967db1e666&chksm=8f5cd45cb82b5d4a422e09032eb5a25eaf5fa42dd36ca352bd1b9aa9c5545d0ff6dd27081bfd#rd
57,03.23(周二),期待! 「理大云讲堂」云集星级教授   招生最新资讯,-1,http://mp.weixin.qq.com/s?__biz=MzIxMTExODU1NA==&mid=2649900257&idx=1&sn=73e2a3be90b80510cc7dcb8af3253706&chksm=8f5cd454b82b5d42652d9b9656d1d87b5feb9b521e11fe4896b2621d9b24f5907b9a8ca73e21#rd
58,03.19(周五),理大的杜鹃开好了，等你来！,-1,http://mp.weixin.qq.com/s?__biz=MzIxMTExODU1NA==&mid=2649900185&idx=1&sn=5e401e1534f9a0bcc04d1940c970687d&chksm=8f5cd42cb82b5d3a84df6b4e6e25dc955aafc1faffb8ce8021e99442815fd57087edf73a9507#rd
59,03.19(周五),这门课，爆款，选它！,-1,http://mp.weixin.qq.com/s?__biz=MzIxMTExODU1NA==&mid=2649900185&idx=2&sn=b30f6ff49fbfd97e8fc6dfdc960e161e&chksm=8f5cd42cb82b5d3a7d3095715dd843981ac11be0f9d1a71dea650441705c764ac182f06d5fd0#rd
60,03.17(周三),3.18约定你! 来了解世界二十强 设计学院课程特色,-1,http://mp.weixin.qq.com/s?__biz=MzIxMTExODU1NA==&mid=2649900183&idx=1&sn=6e2f535e9976913a291d782aab52327a&chksm=8f5cd422b82b5d345bbd0e8deb10bbcd26e770a6eea6898f5d47bf20a4eafaafec0f605986d9#rd
61,03.16(周二),艺术家后人 在理大城堡 好棒又感动的梦想之旅,-1,http://mp.weixin.qq.com/s?__biz=MzIxMTExODU1NA==&mid=2649900142&idx=1&sn=ad990a15cffbb548943b5cb57cd5bafb&chksm=8f5cd4dbb82b5dcdefc553a94ffe663da09e082f0d35720ca4d26d83cc2be3299470cf151b24#rd
62,03.12(周五),来收藏! 超实用申请攻略!,-1,http://mp.weixin.qq.com/s?__biz=MzIxMTExODU1NA==&mid=2649900133&idx=1&sn=f1c2bf7db87a7d98800e68bcd06cc627&chksm=8f5cd4d0b82b5dc6f479ca6d455fca18bcfd44bc08719f9ddbd4d509256593a47865fa16c3e3#rd
63,03.10(周三),优秀! 医疗科学专业 来吸收学长学姐的学习经验吧!,-1,http://mp.weixin.qq.com/s?__biz=MzIxMTExODU1NA==&mid=2649900075&idx=1&sn=b3bbe23bdca89326eebc0dee19c251cc&chksm=8f5cd49eb82b5d88f7b2c1ad156dc228308c0cd2e770fe2d5b5b108d762210ff67dc7ef7fac1#rd
64,03.08(周一),3月11日! 招生说明会 医疗及社会科学院 专业课程获认可,-1,http://mp.weixin.qq.com/s?__biz=MzIxMTExODU1NA==&mid=2649900043&idx=1&sn=899851befaa4e41068bc058b58dab0a9&chksm=8f5cd4beb82b5da8d906e6febd9025938ab37210c922477ab30bf3b684f67b9e56ad637eed00#rd
65,03.03(周三),出路理想! 我从事法律 我从事金融 我们是人文学院的毕业生!,-1,http://mp.weixin.qq.com/s?__biz=MzIxMTExODU1NA==&mid=2649900015&idx=1&sn=8d8ba21313ca245cb329697b77540de0&chksm=8f5cd35ab82b5a4cdf9d33b01431da95455e0c3de122e9df7a5e238a8427450e8e5e120ccb40#rd
66,03.02(周二),本周四!  来参加本月首场招生说明会!,-1,http://mp.weixin.qq.com/s?__biz=MzIxMTExODU1NA==&mid=2649900007&idx=1&sn=490b05482f58b68ffc3edc7dbc854e68&chksm=8f5cd352b82b5a441ba168ddf3b084dc42530e515809db05944fb5abfcffc8803eef75b33f39#rd
67,02.27(周六),手把手教你  本科课程网上申请系统示范,-1,http://mp.weixin.qq.com/s?__biz=MzIxMTExODU1NA==&mid=2649899981&idx=1&sn=e213557bcfa4a284577dbd216339578e&chksm=8f5cd378b82b5a6e26ff40ab9e3ff64102d52b29c262cd2ebd80095367f022cdb0a231ae45e1#rd
68,02.27(周六),高考倒计时100天! 与你同行 乘风破浪 加油吧少年！,-1,http://mp.weixin.qq.com/s?__biz=MzIxMTExODU1NA==&mid=2649899980&idx=1&sn=71f9209bf7ba813d2dfbd56ed63c98b7&chksm=8f5cd379b82b5a6fa4c8e1136838d76028963449213783ba95ff8bae958501d4f7f1bcfa7728#rd
69,02.26(周五),又一国际奖项花落理大！,-1,http://mp.weixin.qq.com/s?__biz=MzIxMTExODU1NA==&mid=2649899975&idx=1&sn=c6ce90bb9353cf8f72d7320f36876e2f&chksm=8f5cd372b82b5a6469f4b8b8f6b46adf25d2c81420d9ff7f227023bdf4246a1102a067b66bc0#rd
70,02.23(周二),国际生Michelle  最难忘到初创公司实习,-1,http://mp.weixin.qq.com/s?__biz=MzIxMTExODU1NA==&mid=2649899971&idx=1&sn=75e5dbc452e30ad21bcbab49c86aee45&chksm=8f5cd376b82b5a601cf91ff70713f9053f858a58ecfa3f6bc836883df46759d06f7684b58cfe#rd
71,02.19(周五),把握机会!  八大学院招生说明会 3月开始,-1,http://mp.weixin.qq.com/s?__biz=MzIxMTExODU1NA==&mid=2649899970&idx=1&sn=0a050f385bb355be696d2e4d0728b811&chksm=8f5cd377b82b5a61f563518df15e24ce355ff9248e828bcaf9c920e42d1a6b68c1cd0c386cc8#rd
72,02.11(周四),2021新年快乐  HAPPY ”牛“ YEAR！,-1,http://mp.weixin.qq.com/s?__biz=MzIxMTExODU1NA==&mid=2649899915&idx=1&sn=4ee5d23c843fccd94f2871b739463284&chksm=8f5cd33eb82b5a287f4e4985ea349880079ef25dd9aed3479c39893dec5ada9ebcd448769cc3#rd
73,02.09(周二),用数学分析爱情电影? 来自广东的嘉贤 难忘的学习经验,-1,http://mp.weixin.qq.com/s?__biz=MzIxMTExODU1NA==&mid=2649899893&idx=1&sn=a28b68bbeaef87de1ace4d7f1cd5d26d&chksm=8f5cd3c0b82b5ad60f1738223fe2b4898e603b289c58c877ceb5615666ace2748783cfb965d0#rd
74,02.08(周一),“理大红”表情包上线！拜年不如来斗图~,-1,http://mp.weixin.qq.com/s?__biz=MzIxMTExODU1NA==&mid=2649899892&idx=1&sn=ce028cd8262104a6d9f3cbf376684e09&chksm=8f5cd3c1b82b5ad7193215276f050cfc7c36b51dab059c57bea0ef932e68264355a0a377d488#rd
75,02.05(周五),难得一看! 走进理大方程式车队的秘密空间…,-1,http://mp.weixin.qq.com/s?__biz=MzIxMTExODU1NA==&mid=2649899890&idx=1&sn=aa50c9fc3bb17c77b7efe2bf4e2cd156&chksm=8f5cd3c7b82b5ad13b1f381bb18c68b1a6e8f3d64e118435b968f97694d6459fff4271d89c81#rd
76,02.03(周三),专访 | 滕锦光校长：能参与国家航天项目非常有意义,-1,http://mp.weixin.qq.com/s?__biz=MzIxMTExODU1NA==&mid=2649899888&idx=1&sn=c0b0731e39c4e559fe4c3a419a142ecc&chksm=8f5cd3c5b82b5ad30e90a3ae9104c0dcac433733c88748d87954e6a5d494bcae4e15dbf1ac37#rd
77,02.02(周二),"快来关注, 实用面试贴士!",-1,http://mp.weixin.qq.com/s?__biz=MzIxMTExODU1NA==&mid=2649899866&idx=1&sn=ba82887af3e0f84e7c9b2e503121a7fe&chksm=8f5cd3efb82b5af9c227ddd16a3e4d895ca417acd4f5d14ea3121a6ca1e1e6fb7ccdbf8c3441#rd
78,01.28(周四),【线上讲座】中文及双语学系授课式硕士课程  助您于事业大放异彩！,-1,http://mp.weixin.qq.com/s?__biz=MzIxMTExODU1NA==&mid=2649899828&idx=1&sn=6bc5b5f3da9b306ba0e11af8b4fc03fa&chksm=8f5cd381b82b5a9780a17b918767a073c9731a81b2aae274bb621abe3ff7b5769dde51e59e44#rd
79,01.28(周四),不在实验室里也能做实验？亚洲首个远距离“遥控”实验室落地理大！,-1,http://mp.weixin.qq.com/s?__biz=MzIxMTExODU1NA==&mid=2649899828&idx=2&sn=9e0dc002fc61acdfb5355e136f065be3&chksm=8f5cd381b82b5a97d0e82478921e68b9896480bc5b51803d1f963ca4cb68d73c0ea5d13d3761#rd
80,01.27(周三),速看! 想报读工程学院课程? 来看看两位优秀同学的分享!,-1,http://mp.weixin.qq.com/s?__biz=MzIxMTExODU1NA==&mid=2649899800&idx=1&sn=9f6ec0a63d9f74460275dbf504c0938d&chksm=8f5cd3adb82b5abb2f18ad4fe1a47bac96817f6599a46b3729919d7f171d4e6d3311a80854d3#rd
81,01.26(周二),我掐指一算，你的假期还缺它！,-1,http://mp.weixin.qq.com/s?__biz=MzIxMTExODU1NA==&mid=2649899760&idx=1&sn=f10ad3c771bc0a7e33d25d99a3152703&chksm=8f5cd245b82b5b5301a3808f83dd27d4e70bb3de3c8bef943f85e5cc35253dd5f4f974f9f2d6#rd
82,01.25(周一),1月28日! 招生说明会 工程学院 专业应用实力强,-1,http://mp.weixin.qq.com/s?__biz=MzIxMTExODU1NA==&mid=2649899743&idx=1&sn=a9639e0dbfba6ed79006d623a9abbec7&chksm=8f5cd26ab82b5b7c1a457eb7c7b41ed223d4a4ea6a36b5e4ccf113b5a80f5914d6c594d49e15#rd
83,01.22(周五),学生分享| 难忘学习冲泡咖啡 在酒店实习的难得机会,-1,http://mp.weixin.qq.com/s?__biz=MzIxMTExODU1NA==&mid=2649899711&idx=1&sn=1ece67172b6218707c197f35600e5820&chksm=8f5cd20ab82b5b1ca6bc1040888ff20f3808e848636dedd0807c47a3f96fa7953c0f4504ad5d#rd
84,01.20(周三),学生+优秀运动员: 理大新生代是怎样“炼”成的？,-1,http://mp.weixin.qq.com/s?__biz=MzIxMTExODU1NA==&mid=2649899664&idx=1&sn=61827251793436eaa942697ac87d09b7&chksm=8f5cd225b82b5b33cd2fff386176c24d459d0dc8530adcb0d8038528dc7d489f3fa66d1f0bd3#rd
85,01.18(周一),1月21日诚邀你来! 招生说明会 建设及环境学院,-1,http://mp.weixin.qq.com/s?__biz=MzIxMTExODU1NA==&mid=2649899662&idx=1&sn=43ef121273fb15146e25564e28905980&chksm=8f5cd23bb82b5b2ddcd035d85d38f05ec6d9d22bd02563f61e26beec0ba9d19076369510e0e0#rd
86,01.15(周五),好消息! 理大快速测试系统 位列2020年度十大创科新闻榜首！,-1,http://mp.weixin.qq.com/s?__biz=MzIxMTExODU1NA==&mid=2649899618&idx=1&sn=a1157b48654e192a09d4ea1388f06254&chksm=8f5cd2d7b82b5bc1b8e888a744af20f3ee153cd7f7358f645e1b88cacce382cce0212879bc2c#rd
87,01.15(周五),【活动预告】理大校友“与校长对话” 加开一场,-1,http://mp.weixin.qq.com/s?__biz=MzIxMTExODU1NA==&mid=2649899618&idx=2&sn=c44a9bc9064ae5da83927f29528e011a&chksm=8f5cd2d7b82b5bc18d24205ec1d5852d27b07bb600bd98dc4c563d21dfe8b43e6f299f1b929b#rd
88,01.13(周三),申请Q&A： 我可以报读两个课程吗？ 是否只接受理科生报读？,-1,http://mp.weixin.qq.com/s?__biz=MzIxMTExODU1NA==&mid=2649899593&idx=1&sn=6991ef33cc67d66cc3a762eacc53077f&chksm=8f5cd2fcb82b5beae651bfc29cd13fbf7df17da8565e970422e08d2d2fdb1e866233457e2ea6#rd
89,01.11(周一),立刻报名！1月14日内地招生说明会 工管课程很火！,-1,http://mp.weixin.qq.com/s?__biz=MzIxMTExODU1NA==&mid=2649899567&idx=1&sn=77e213d4663adf1474cbac0f5a6543dc&chksm=8f5cd29ab82b5b8c5fa8d0baac8e8792f6b94a6426d642eb6e018305ac7a0dd4ef08a6a94148#rd
90,01.11(周一),理人理事 | 登山徒步 活出真我：牛耕,-1,http://mp.weixin.qq.com/s?__biz=MzIxMTExODU1NA==&mid=2649899567&idx=2&sn=ee9c67f1d18a468e642119a86af6b875&chksm=8f5cd29ab82b5b8cd04cbebeb6c777d3104a1419eba3254331b7ffda12ae584b24c8eb6bbc8e#rd
91,01.08(周五),看！哈萨克女孩Sara@理大的高光时刻,-1,http://mp.weixin.qq.com/s?__biz=MzIxMTExODU1NA==&mid=2649899539&idx=1&sn=ac520cf274859331f5df6254ed6b3d6d&chksm=8f5cd2a6b82b5bb02ee785e5dd03b715debdf4c244ce0e4988d8b21abb1fd7d2bdd47e4c2192#rd
92,01.06(周三),【活动回顾】与校长对话,-1,http://mp.weixin.qq.com/s?__biz=MzIxMTExODU1NA==&mid=2649899517&idx=1&sn=19c5fbfb9d094a7b17c6659a14dee2b2&chksm=8f5cd148b82b585ee06bf4e748ee06ec9c53926b9f3242c4e1f785d16c69372f362dfcd75547#rd
93,01.06(周三),明天下午5时! 2021年首场内地招生说明会 等你来,-1,http://mp.weixin.qq.com/s?__biz=MzIxMTExODU1NA==&mid=2649899517&idx=2&sn=a9b1a4f59d5dfc3c7c1a947b78f0e345&chksm=8f5cd148b82b585e330de4a036bfcc3a2390d99ee27710cdbf30bc795e1f07ef54745f486bb7#rd
94,01.04(周一),约定你 在线见！ 1月9日  授课式深造课程资讯日,-1,http://mp.weixin.qq.com/s?__biz=MzIxMTExODU1NA==&mid=2649899501&idx=1&sn=1e3ee1f3a8490e7c273e04b16819db43&chksm=8f5cd158b82b584eae249df49cf9ce296aa26c81ba92189ade666d41e58064ddec2db40d29fc#rd
95,12.31(周四),2020 再见… 2021 您好!,-1,http://mp.weixin.qq.com/s?__biz=MzIxMTExODU1NA==&mid=2649899417&idx=1&sn=2cc2e8451e789049accdb008d5b3b7a3&chksm=8f5cd12cb82b583a91259a20c77688f17abad27fca396bf63425af58d5c6027307eb42fe8c86#rd
96,12.30(周三),本科课程入读攻略! 八大学院  明年1月7日开始 线上招生说明会,-1,http://mp.weixin.qq.com/s?__biz=MzIxMTExODU1NA==&mid=2649899357&idx=1&sn=9a793b90eba9f063326a0e52803a0318&chksm=8f5cd1e8b82b58fe11cf32c7132e0487ab94287603b6df9f29687df67ccd65aa0f8dcc2a9710#rd
97,12.28(周一),本科课程介绍| 酒店及旅游业管理学院 世界顶尖学府,-1,http://mp.weixin.qq.com/s?__biz=MzIxMTExODU1NA==&mid=2649899312&idx=1&sn=1b05f7f12b82bc9c67473439207cc11c&chksm=8f5cd185b82b58930a8866013d3013d76ce596fa4df6794cc6fb565fc03c5357a5b51e48d276#rd
98,12.24(周四),火速报名！1月9日 授课式深造课程资讯日,-1,http://mp.weixin.qq.com/s?__biz=MzIxMTExODU1NA==&mid=2649899311&idx=1&sn=14d2669971878391ad8a332bdaf85153&chksm=8f5cd19ab82b588c22be8ff559ee7651675e431c87ca3168e884c5234058e5f8c41ca0407789#rd
99,12.24(周四),火速报名！1月9日 授课式深造课程资讯日,-1,http://mp.weixin.qq.com/s?__biz=MzIxMTExODU1NA==&mid=2649899310&idx=1&sn=48ad2196117a2fd9fce140da7a065671&chksm=8f5cd19bb82b588d3cbe48a3775763aa80f6b3b36268240121d9c8b93e2b2107c9bd48be5696#rd
100,12.24(周四),"今天是圣诞节, 2021年亦快要来临，你会许下什么愿望？",-1,http://mp.weixin.qq.com/s?__biz=MzIxMTExODU1NA==&mid=2649899308&idx=1&sn=9f06b6f4f2c142a2eb781f5d2b671320&chksm=8f5cd199b82b588f3123fa9c61d2faeac1514fe61497cf0a7f1c18da96894e57c71f1abe715b#rd
101,12.23(周三),【活动预告】理大校友“与校长对话”,-1,http://mp.weixin.qq.com/s?__biz=MzIxMTExODU1NA==&mid=2649899244&idx=1&sn=2235a46a57df04caae9cccbeb29785c9&chksm=8f5cd059b82b594f1df203c1bda113faf0131d7c752c01f40d4ddc4b482660b835dbd19927fe#rd
102,12.22(周二),假期做了这件事，大学才不算虚度！,-1,http://mp.weixin.qq.com/s?__biz=MzIxMTExODU1NA==&mid=2649899217&idx=1&sn=21928cb8392b2b1278c193ab7c86a25d&chksm=8f5cd064b82b5972bba161356b2ef8f938f2045f5d5a9daf211a0f739eb16aa942923e2f1d4a#rd
103,12.21(周一),本科课程介绍| 设计学院  “艺术与设计”专业 全球第15位,-1,http://mp.weixin.qq.com/s?__biz=MzIxMTExODU1NA==&mid=2649899195&idx=1&sn=57b7e0c9e913cfcafd9b0d25e770fb5b&chksm=8f5cd00eb82b59189b683ff5cf44486ba28b4f2114082ccd6ed37c7f9c71cbb6b7a0f8be2a12#rd
104,12.18(周五),应用数学硕士课程 现接受2021/22年度入学申请,-1,http://mp.weixin.qq.com/s?__biz=MzIxMTExODU1NA==&mid=2649899192&idx=1&sn=d2a65b94469ef194c1493c9d883b43e2&chksm=8f5cd00db82b591bfc201f9ca4b7491b65af9c706eed37d051e65831b69829fbfbfb26275eee#rd
105,12.17(周四),恭喜! 理大学生憑創新意念 遠大志向 榮獲校外奬學金,-1,http://mp.weixin.qq.com/s?__biz=MzIxMTExODU1NA==&mid=2649899185&idx=1&sn=466b7442c75f8a30b983313cda8b2544&chksm=8f5cd004b82b5912a0327abb69c2e274585ccfb07a55eef7d1f6c5111cc7e8a6a342b1dde040#rd
106,12.17(周四),理大宣布颁授荣誉博士学位予史美伦女士、许宁生院士与钟南山院士,-1,http://mp.weixin.qq.com/s?__biz=MzIxMTExODU1NA==&mid=2649899185&idx=2&sn=f68cf8ced881c6cc504137a1293b56ee&chksm=8f5cd004b82b591210163d8b68e2b98fea3ca0af22d60d561a6e92467553f71dfdf994592d0e#rd
107,12.15(周二),本科课程介绍| 医疗及社会科学院 优质独有课程,-1,http://mp.weixin.qq.com/s?__biz=MzIxMTExODU1NA==&mid=2649899133&idx=1&sn=b9b3f5115d318ed93b68b0d5b92d4efa&chksm=8f5cd0c8b82b59de21d1d3aa49022530500c8db54c3ab3c5b9dd821191b35499f2e37c1a7cf4#rd
108,12.15(周二),理大护理学院再获世卫组织任命！,-1,http://mp.weixin.qq.com/s?__biz=MzIxMTExODU1NA==&mid=2649899133&idx=2&sn=eae928dc692d326119e8dee48968679a&chksm=8f5cd0c8b82b59de0ddb85fcd412d5916b90ad3dbf5e2de0da259cf3c0b2ee45027b4d2b0369#rd
109,12.15(周二),又是第一！香港首个由大学创办的职业治疗中心落地理大,-1,http://mp.weixin.qq.com/s?__biz=MzIxMTExODU1NA==&mid=2649899133&idx=3&sn=c9881fcecd7491ad0a46efcb2388bc5c&chksm=8f5cd0c8b82b59de510f63745c0e6edcfa8d94a52477dc25f475e879f886c0913a720daf4b8b#rd
110,12.13(周日),一文尽览！招生视频 简章及活动 申请课程要点,-1,http://mp.weixin.qq.com/s?__biz=MzIxMTExODU1NA==&mid=2649899132&idx=1&sn=d283404de73dc8958438c0a4646a3ca5&chksm=8f5cd0c9b82b59dfbd7e0d9e454ae570fdb7b8fe6a534413f1b2d92e044f05ef33fc9294d5dc#rd
111,12.11(周五),梦想成真！抓緊4年学习契机 來自山東的倪睿妍成功了⋯,-1,http://mp.weixin.qq.com/s?__biz=MzIxMTExODU1NA==&mid=2649899119&idx=1&sn=6f6f6f78645f8a7e71b5fea7e5f1e2a3&chksm=8f5cd0dab82b59cc5154721177da5ea5ce6c9c2e4672b9dbc4c7ea551aa6c73e9183de0c6213#rd
112,12.08(周二),就在今天！ 个人咨询来咯 ! 一对一在线交流  为你解答申请疑问,-1,http://mp.weixin.qq.com/s?__biz=MzIxMTExODU1NA==&mid=2649898971&idx=1&sn=942a09af4274cb40b18c0294f4a8f3c6&chksm=8f5caf6eb82b267886b79ea334081903a69a8aa996462919d157727b1e2de7fd2ebd71a0fef9#rd
113,12.07(周一),本科课程介绍| 人文学院 语言学全球第45位 学院提供奖学金,-1,http://mp.weixin.qq.com/s?__biz=MzIxMTExODU1NA==&mid=2649898911&idx=1&sn=184e7013afa660a50b874570a6b6b7a9&chksm=8f5caf2ab82b263c8b7df32d79286b6f0dddd4b420f745299fa2a14c6f10fdb958660ed44ea3#rd
114,12.04(周五),【理大启迪系列】什么是“时空智能”？--北斗卫星导航系统与你的生活,-1,http://mp.weixin.qq.com/s?__biz=MzIxMTExODU1NA==&mid=2649898880&idx=1&sn=0b2dacaf6789dbd9458cf4bc04a50fce&chksm=8f5caf35b82b262353293327c450f84fe2a64e5fd1209d04e72e1e68188811da1d9636aa3960#rd
115,12.04(周五),卓越校友| 超群拔萃 年轻有为 來听听他們成功的故事,-1,http://mp.weixin.qq.com/s?__biz=MzIxMTExODU1NA==&mid=2649898795&idx=1&sn=6d4426255b2c7ccc78db4b5f77524a1f&chksm=8f5caf9eb82b2688e06bc3c754e95dbebd56819ecba1932f401513a052c5850e799f2f058dc7#rd
